run, K
0,8456.766666666668
1,7837.7
2,6666.733333333333
3,7512.266666666667
4,6346.5
5,7857.0
6,7518.566666666667
7,7661.933333333332
8,8018.666666666666
9,7310.899999999998
